result,uuid,time
삼각김밤,ghtygzm2n0vw6ugsg4yzks,2023. 7. 9. 오후 3:31:19
바나나맛 우유,xjynkojyhz8566ros252j4,2023. 7. 9. 오전 1:43:17
고양이 사진 20장,oa9fpcydr2am7c06clfs5,2023. 7. 9. 오후 2:12:33
바나나맛 우유,6cqeskf3wkmecfuo3qom2p,2023. 7. 7. 오후 12:17:50
바나나맛 우유,fflxx5qc9wdr5tbksq8lcr,2023. 7. 7. 오후 8:12:24
고양이 사진 20장,hiimwigqipsy7bvrj4ndl,2023. 7. 8. 오후 5:55:17
바나나맛 우유,qbthxnsdkewsd8ugcert9,2023. 7. 10. 오전 12:56:46
고양이 사진 20장,73wtxulo3rgxus8t3rdzfp,"10/07/2023, 4:07:34 am"
삼각김밤,fkcr8ry2klyxt7f2j759g,2023. 7. 9. 오후 3:24:03
고양이 사진 20장,zc0vpiz635p7oqt9sx7z7,2023. 7. 9. 오후 7:27:17
바나나맛 우유,t8sohwf1bj5u11mjcacn6,2023. 7. 9. 오후 3:18:30
바나나맛 우유,1iw74s3tmpyglh15c3okqg,2023. 7. 9. 오후 2:22:02
바나나맛 우유,4ggq466b87kmop8o306vvj,2023. 7. 7. 오전 4:07:29
삼색볼펜,m2v1rx5d1lfac8xjptpgm,2023. 7. 8. 오후 6:35:22
바나나맛 우유,irhc7tnbz8plsdl47gvsqs,"7/7/2023, 5:16:44 PM"
삼색볼펜,jf5h4w3p06szwxutpldy,2023. 7. 9. 오후 11:28:47
고양이 사진 20장,w64zq62afxga64829n5vld,2023. 7. 9. 오후 3:30:14
바나나맛 우유,17c15ek9igoi2cokrbgpt,2023. 7. 8. 오후 9:04:33
바나나맛 우유,pc88zhbxz8998zqwbigvp,2023. 7. 7. 오전 9:49:11
바나나맛 우유,ru8h7so97ialqe0hgzbnyl,2023. 7. 9. 오후 11:03:05
바나나맛 우유,6w0ljr15i3ax1rxof4skr,2023. 7. 7. 오전 9:56:07
바나나맛 우유,gulaayz0symnr1x4gedr,2023. 7. 7. 오전 1:08:53
삼색볼펜,77mgc5r1yztut0fgdweg,2023. 7. 9. 오후 1:06:01
바나나맛 우유,rt2cqtinjurhmiam2kx72j,2023. 7. 7. 오후 12:37:34
바나나맛 우유,okyxcs1ouf07fogrwjhuya,2023. 7. 10. 오후 1:59:38
삼색볼펜,tvm0dogiv3p7pp7rj0omxu,2023. 7. 10. 오후 2:38:59
바나나맛 우유,nporqcwxqaim3beifot2,2023. 7. 7. 오후 2:57:41
바나나맛 우유,0xfyz57tod2za2zyg1ycl,2023. 7. 10. 오후 12:08:41
바나나맛 우유,c76l236d3klm7yojmzacod,2023. 7. 10. 오전 12:12:15
바나나맛 우유,qrcopzo8ozitmtrog59l,2023. 7. 9. 오후 3:22:00
바나나맛 우유,jw5t6b3afhhmdmx4fxe8e,2023. 7. 7. 오후 12:51:49
삼각김밤,mp2o2y7skreigqsqs28u9,2023. 7. 9. 오전 11:57:01
바나나맛 우유,6tf9nt7vvac9gvq8u0l2hg,2023. 7. 9. 오후 1:04:51
삼각김밤,g0v9kvs4zwf4ewch7zz6m2,2023. 7. 9. 오전 11:46:01
바나나맛 우유,hf2xs9qjis7ddv1keik2y,2023. 7. 7. 오후 5:23:59
바나나맛 우유,p44f3bdftnr8cu1zxjs5w9,2023. 7. 10. 오전 8:17:52
고양이 사진 20장,2miyioeuw4t6dp0e7fkfh5,2023. 7. 7. 오후 2:57:11
바나나맛 우유,gcl5wi2itctm1frojjun2,2023. 7. 9. 오후 1:13:06
삼각김밤,3rwgk4yhdgbnffrk45qmv,2023. 7. 10. 오전 2:27:52
삼각김밤,2ja0fhrisy9zx2317e5t6,2023. 7. 7. 오전 1:00:40
고양이 사진 20장,vux9dgajw886cc66d2x6ss,2023. 7. 7. 오후 6:43:07
삼각김밤,fe4ihmyi6hgxx9s1gyudqk,2023. 7. 8. 오전 12:39:55
삼각김밤,4es3v4qo1084719y8z6c5b,2023. 7. 9. 오후 1:52:02
고양이 사진 20장,nr6e67tf43dqezd7og33gr,2023. 7. 7. 오전 1:42:22
바나나맛 우유,9i5ehp7xnu5qz2e2fesysl,2023. 7. 9. 오전 11:31:04
삼각김밤,clpzqr01elin28u4fyqn,2023. 7. 9. 오후 1:10:33
고양이 사진 20장,ns5x9snr1q1uq773t19s8,2023. 7. 7. 오전 11:16:13
삼각김밤,ziuhxvn0bwbauz9jjk67c,2023. 7. 9. 오후 10:10:54
고양이 사진 20장,71nx4jcjvxodkgdnwnmeg7,2023. 7. 7. 오전 12:41:45
바나나맛 우유,qxxpxb7r3rrngl66zu95vr,2023. 7. 10. 오전 11:50:10
삼각김밤,2huhsrcj524m108pv4gcua,2023. 7. 7. 오후 8:54:23
바나나맛 우유,lpuep45ky6hp63vglgatd,2023. 7. 7. 오전 1:36:54
삼각김밤,ev5ek2ttrbk1xchzqd2yb2,2023. 7. 9. 오후 6:26:15
삼각김밤,tho6oj4giq7zblytnh1bt,2023. 7. 7. 오전 1:29:36
바나나맛 우유,yzhujovqrll1boidb0cltl,2023. 7. 7. 오후 1:16:09
바나나맛 우유,i2se4bt5vp85dx62twv3h8,2023. 7. 10. 오전 11:52:50
고양이 사진 20장,jcduuao3a8illgl0py29vk,2023. 7. 9. 오후 7:24:38
삼각김밤,436wpxs3egaj8xhhkce01i,2023. 7. 9. 오후 6:07:00
바나나맛 우유,ln7q4ezy14c3an5vyao8xv,2023. 7. 8. 오후 6:02:22
바나나맛 우유,f4iw6qsitwesjhfhrcxjo9,2023. 7. 7. 오후 10:24:58
고양이 사진 20장,q71fozqfk3aphmj531petc,2023. 7. 7. 오후 3:55:20
바나나맛 우유,ibu97vvy9sr2cbpvc4zz,2023. 7. 10. 오전 1:29:12
삼각김밤,e8g6v31bvna3a95sjvrem,2023. 7. 7. 오전 2:11:45
고양이 사진 20장,gmefubir6yah97wj0aklwf,2023. 7. 10. 오후 4:40:40
바나나맛 우유,lkjel4a4h887mnwdmxs3m7,2023. 7. 10. 오후 4:26:18
삼각김밤,7hu9ax0ibkhviumwr726g,2023. 7. 10. 오전 9:43:46
바나나맛 우유,cu30fjce1p8p8jz0kdnmbo,"7/7/2023, 2:24:05 PM"
고양이 사진 20장,lydt8k60feexifeibyjbns,2023. 7. 9. 오전 11:06:04
삼각김밤,yl9he8j3rggznwl293ubq,2023. 7. 10. 오후 3:01:03
바나나맛 우유,5zn9lqbxif5uwp5jidfsk,2023. 7. 9. 오후 5:21:55
바나나맛 우유,kn4bxfp01dq3cry3svwe,2023. 7. 9. 오후 12:30:36
바나나맛 우유,6xskcydrwfudcbisd55tcp,2023. 7. 9. 오후 12:30:34
바나나맛 우유,9th7hcwtzia3lz5ji6thzu,2023. 7. 7. 오전 1:04:59
바나나맛 우유,wda5s1k9j49452n5m53hsc,2023. 7. 9. 오후 12:15:51
바나나맛 우유,7w3uahw4rrwhkn3xzbvhd,2023. 7. 8. 오전 12:08:28
바나나맛 우유,3m7uczfm6537qlmf20z27,2023. 7. 7. 오후 11:08:26
삼각김밤,313a3d9hjgnbm57soyefju,2023. 7. 8. 오후 5:57:53
